{
    "n1": [
        502.0,
        265.0
    ],
    "n2": [
        498.5,
        333.2
    ],
    "n3": [
        541.6,
        333.2
    ],
    "n4": [
        552.6,
        368.4
    ],
    "n5": [
        572.4,
        366.2
    ],
    "n6": [
        444.8,
        337.6
    ],
    "n7": [
        429.4,
        393.7
    ],
    "n8": [
        372.2,
        393.7
    ],
    "n9": [
        427.2,
        443.2
    ],
    "n10": [
        400.8,
        474.0
    ],
    "n11": [
        365.6,
        474.0
    ],
    "n12": [
        308.4,
        474.0
    ],
    "n13": [
        249.0,
        491.6
    ],
    "n14": [
        233.6,
        575.2
    ],
    "n15": [
        238.0,
        610.4
    ],
    "n16": [
        158.8,
        603.8
    ],
    "n17": [
        249.0,
        472.9
    ],
    "n18": [
        222.6,
        509.2
    ],
    "n19": [
        207.2,
        472.9
    ],
    "n20": [
        157.7,
        483.9
    ],
    "n21": [
        184.1,
        519.1
    ],
    "n22": [
        201.7,
        412.4
    ],
    "n23": [
        469.0,
        524.6
    ],
    "n24": [
        590.0,
        449.8
    ],
    "n25": [
        596.6,
        421.2
    ],
    "n26": [
        497.6,
        381.6
    ],
    "n27": [
        493.2,
        425.6
    ],
    "n28": [
        475.6,
        479.5
    ],
    "n29": [
        518.5,
        489.4
    ],
    "n30": [
        548.2,
        465.2
    ],
    "e1": [
        510.8,
        304.6
    ],
    "e2": [
        539.4,
        315.6
    ],
    "e3": [
        535.0,
        368.8
    ],
    "e4": [
        515.2,
        370.6
    ],
    "e5": [
        429.4,
        334.3
    ],
    "e6": [
        431.6,
        370.6
    ],
    "e7": [
        416.2,
        408.0
    ],
    "e8": [
        570.2,
        472.9
    ],
    "e9": [
        531.7,
        504.8
    ],
    "e10": [
        416.2,
        507.0
    ],
    "e11": [
        319.4,
        533.4
    ],
    "e12": [
        220.4,
        531.2
    ],
    "e13": [
        218.2,
        575.2
    ],
    "e14": [
        195.1,
        511.6
    ],
    "e15": [
        141.2,
        529.0
    ],
    "e16": [
        139.0,
        490.5
    ],
    "e17": [
        139.0,
        412.4
    ],
    "e18": [
        141.2,
        597.2
    ],
    "e19": [
        419.5,
        454.2
    ],
    "PAC": [
        543.8,
        302.4
    ],
    "SU": [
        515.2,
        355.2
    ],
    "HSF": [
        394.2,
        324.4
    ],
    "SSC": [
        394.2,
        365.1
    ],
    "BC": [
        399.7,
        421.2
    ],
    "MA": [
        420.6,
        494.9
    ],
    "M": [
        550.4,
        491.6
    ],
    "L": [
        284.2,
        531.2
    ],
    "PS": [
        200.6,
        588.4
    ],
    "LHS": [
        143.4,
        558.5
    ],
    "ATC": [
        136.8,
        449.8
    ]
}