{
    "n1": [1740, 490],
    "n2": [1724, 800],
    "n3": [1920, 800],
    "n4": [1970, 960],
    "n5": [2060, 950],
    "n6": [1480, 820],
    "n7": [1410, 1075],
    "n8": [1150, 1075],
    "n9": [1400, 1300],
    "n10": [1280, 1440],
    "n11": [1120, 1440],
    "n12": [860, 1440],
    "n13": [590, 1520],
    "n14": [520, 1900],
    "n15": [540, 2060],
    "n16": [180, 2030],
    "n17": [590, 1435],
    "n18": [470, 1600],
    "n19": [400, 1435],
    "n20": [175, 1485],
    "n21": [295, 1645],
    "n22": [375, 1160],
    "n23": [1590, 1670],
    "n24": [2140, 1330],
    "n25": [2170, 1200],
    "n26": [1720, 1020],
    "n27": [1700, 1220],
    "n28": [1620, 1465],
    "n29": [1815, 1510],
    "n30": [1950, 1400],

    "e1": [1780, 670],
    "e2": [1910, 720],
    "e3": [1890, 962],
    "e4": [1800, 970],
    "e5": [1410, 805],
    "e6": [1420, 970],
    "e7": [1350, 1140],
    "e8": [2050, 1435],
    "e9": [1875, 1580],
    "e10": [1350, 1590],
    "e11": [910, 1710],
    "e12": [460, 1700],
    "e13": [450, 1900],
    "e14": [345, 1611],
    "e15": [100, 1690],
    "e16": [90, 1515],
    "e17": [90, 1160],
    "e18": [100, 2000],
    "e19": [1365, 1350],

    "PAC": [1930, 660],
    "SU": [1800, 900],
    "HSF": [1250, 760],
    "SSC": [1250, 945],
    "BC": [1275, 1200],
    "MA": [1370, 1535],
    "M": [1960, 1520],
    "L": [750, 1700],
    "PS": [370, 1960],
    "LHS": [110, 1824],
    "ATC": [80, 1330]
}